{"products":[{"id":0.9803202860263713,"qty":2},{"id":0.8722391359131434,"qty":1}],"totalPrice":489}